{
  "timestamp": "2025-11-22T20:51:13.143975",
  "temperature_c": 27.19,
  "ph": 10.17,
  "turbidity": 1116.0,
  "tds": 0.0,
  "raw_voltages": {
    "tds_v": 0.005625,
    "ph_v": 1.9296250000000001,
    "turb_v": 3.084
  }
}